OCR System,Documents Evaluated,Mean CER,Mean WER,Mean BLEU Score,Mean Hallucination Rate,Char Accuracy,Word Accuracy,Total Char Errors,Char Ins %,Char Del %,Char Sub %
OlmOCRv2,2,0.12805590016784646,0.20488380537400144,0.7126884919371852,0.11515499425947187,0.8719440998321535,0.7951161946259986,127,20.47244094488189,29.92125984251969,49.60629921259843
MinerU,2,0.16297786720321933,0.2222222222222222,0.7017545874173907,0.06451612903225806,0.8370221327967806,0.7777777777777778,162,21.604938271604937,20.37037037037037,58.0246913580247
Deepseek,2,0.17117732300538985,0.2554466230936819,0.5761172981943221,0.12148275018350868,0.8288226769946101,0.7445533769063182,169,23.076923076923077,19.526627218934912,57.396449704142015
Tesseract,2,0.1726759520855704,0.3313362381989833,0.5580119064935327,0.2456887374920162,0.8273240479144296,0.6686637618010167,161,40.37267080745342,29.81366459627329,29.81366459627329
Gemini,2,0.1841046277665996,0.24691358024691357,0.704008745625587,0.06349206349206349,0.8158953722334004,0.7530864197530864,183,20.21857923497268,15.846994535519126,63.934426229508205
OlmOCRv1,2,0.19739942244138403,0.27106027596223675,0.6274633656828604,0.1538957688338493,0.802600577558616,0.7289397240377633,185,9.18918918918919,38.37837837837838,52.43243243243243
EasyOCR,2,0.2052835145588557,0.5048111837327524,0.25057043059159856,0.45384615384615384,0.7947164854411443,0.49518881626724764,196,15.816326530612246,21.428571428571427,62.755102040816325
Transkribus,2,0.2599691412725055,0.3893427741466957,0.40150829965967405,0.06612021857923497,0.7400308587274945,0.6106572258533043,217,10.599078341013826,32.25806451612903,57.14285714285714
Kraken,2,0.5976923718476663,0.8174473493100944,0.15441294488606483,0.21397616468039005,0.4023076281523337,0.18255265068990556,511,19.373776908023483,14.090019569471623,66.53620352250489
