{
  "entity_results": {
    "TOPONYM": {
      "precision": 0.8482490272373541,
      "recall": 0.734006734006734,
      "f1": 0.7870036101083031,
      "tp": 218,
      "fp": 39,
      "fn": 79
    },
    "PERSON": {
      "precision": 0.6136363636363636,
      "recall": 0.6328125,
      "f1": 0.623076923076923,
      "tp": 81,
      "fp": 51,
      "fn": 47
    },
    "ORGANIZATION": {
      "precision": 0.8285714285714286,
      "recall": 0.5178571428571429,
      "f1": 0.6373626373626374,
      "tp": 29,
      "fp": 6,
      "fn": 27
    },
    "COMMODITY": {
      "precision": 0.7129032258064516,
      "recall": 0.6779141104294478,
      "f1": 0.6949685534591196,
      "tp": 221,
      "fp": 89,
      "fn": 105
    }
  },
  "overall": {
    "precision": 0.7479564032697548,
    "recall": 0.6802973977695167,
    "f1": 0.7125243348475016,
    "tp": 549,
    "fp": 185,
    "fn": 258
  }
}