System,Mean words,Mean distinct citations,Mean quote count,n
rag_only,529.4,4.866666666666666,10.433333333333334,30
kg_plus_rag,536.9666666666667,4.9,10.933333333333334,30
true_graphrag,767.3333333333334,1.8333333333333333,13.566666666666666,30
graphrag_plus_kg,806.5,3.7666666666666666,12.5,30
graphrag_kg_vector,813.4333333333333,4.666666666666667,12.733333333333333,30
self_rag_rag,730.7666666666667,2.1,11.666666666666666,30
self_rag_graphrag,751.8333333333334,1.9333333333333333,10.6,30
improved_scratchpad,880.84,2.96,24.24,25
